"Source Function / Function / Call Stack","CPU Time","Module","Function (Full)","Source File","Start Address"
"classw","1244.42","[Unknown]","classw","CLASSW.f","0"
"runclass36_within_tile","1183.15","[Unknown]","runclass36_within_tile","RUNCLASS36_module.f90","0"
"grdran","990.855","[Unknown]","grdran","GRDRAN.f","0"
"wflow","956.044","[Unknown]","wflow","WFLOW.f","0"
"tmcalc","890.895","[Unknown]","tmcalc","TMCALC.f","0"
"aprep","817.789","[Unknown]","aprep","APREP.f","0"
"tsolvc","704.973","[Unknown]","tsolvc","TSOLVC.f","0"
"flxsurfz","692.902","[Unknown]","flxsurfz","FLXSURFZ.f","0"
"classt","685.212","[Unknown]","classt","CLASST.f","0"
"__libm_powf_l9","671.511","[Unknown]","__libm_powf_l9","[Unknown]","0"
"watrof","664.725","[Unknown]","watrof","WATROF.f","0"
"icebal","604.603","[Unknown]","icebal","ICEBAL.f","0"
"wend","599.464","[Unknown]","wend","WEND.f","0"
"grinfl","580.601","[Unknown]","grinfl","GRINFL.f","0"
"watdrn","557.712","[Unknown]","watdrn","WATDRN.f","0"
"wprep","537.058","[Unknown]","wprep","WPREP.f","0"
"twcalc","492.212","[Unknown]","twcalc","TWCALC.f","0"
"__libm_logf_l9","436.253","[Unknown]","__libm_logf_l9","[Unknown]","0"
"tprep","430.393","[Unknown]","tprep","TPREP.f","0"
"run_within_grid_stas_update","385.377","[Unknown]","run_within_grid_stas_update","sa_mesh_run_within_grid.f90","0"
"__libm_expf_l9","315.776","[Unknown]","__libm_expf_l9","[Unknown]","0"
"wfill","283.344","[Unknown]","wfill","WFILL.f","0"
"canvap","263.4","[Unknown]","canvap","CANVAP.f","0"
"route","196.976","[Unknown]","route","route.f","0"
"psi","191.257","[Unknown]","psi","FLXSURFZ.f","0"
"canalb","172.611","[Unknown]","canalb","CANALB.f","0"
"chkwat","170.754","[Unknown]","chkwat","CHKWAT.f","0"
"tsolve","149.432","[Unknown]","tsolve","TSOLVE.f","0"
"tnprep","120.929","[Unknown]","tnprep","TNPREP.f","0"
"diasurfz","111.49","[Unknown]","diasurfz","DIASURFZ.f","0"
"run_within_grid_stas_basin_update","110.649","[Unknown]","run_within_grid_stas_basin_update","sa_mesh_run_between_grid.f90","0"
"classz","100.523","[Unknown]","classz","CLASSZ.f","0"
"climate_module_update_data","87.4667","[Unknown]","climate_module_update_data","climate_forcing_module.f90","0"
"tnpost","81.577","[Unknown]","tnpost","TNPOST.f","0"
"fmi","80.9578","[Unknown]","fmi","FLXSURFZ.f","0"
"__libm_asinf_l9","79.8747","[Unknown]","__libm_asinf_l9","[Unknown]","0"
"output_variables_group_update_ts","78.6495","[Unknown]","output_variables_group_update_ts","output_variables.f90","0"
"psi","73.0521","[Unknown]","psi","DIASURFZ.f","0"
"exav","67.8511","[Unknown]","exav","WATROF.f","0"
"canadd","64.0671","[Unknown]","canadd","CANADD.f","0"
"run_within_tile_stas_reset","60.5378","[Unknown]","run_within_tile_stas_reset","sa_mesh_run_within_tile.f90","0"
"fhi","56.0377","[Unknown]","fhi","FLXSURFZ.f","0"
"output_variables_field_update","52.2621","[Unknown]","output_variables_field_update","output_variables.f90","0"
"cwcalc","44.2964","[Unknown]","cwcalc","CWCALC.f","0"
"snoadd","41.298","[Unknown]","snoadd","SNOADD.f","0"
"classa","40.9085","[Unknown]","classa","CLASSA.f","0"
"tfreez","32.2746","[Unknown]","tfreez","TFREEZ.f","0"
"tspost","31.5421","[Unknown]","tspost","TSPOST.f","0"
"__libm_cbrtf_l9","31.246","[Unknown]","__libm_cbrtf_l9","[Unknown]","0"
"subcan","29.2858","[Unknown]","subcan","SUBCAN.f","0"
"snovap","29.078","[Unknown]","snovap","SNOVAP.f","0"
"__libm_sinf_l9","28.8984","[Unknown]","__libm_sinf_l9","[Unknown]","0"
"snoalbw","28.6856","[Unknown]","snoalbw","SNOALBW.f","0"
"fmi","24.0899","[Unknown]","fmi","DIASURFZ.f","0"
"run_rte_between_grid","21.7413","[Unknown]","run_rte_between_grid","rte_module.f90","0"
"__libm_atanf_l9","21.6486","[Unknown]","__libm_atanf_l9","[Unknown]","0"
"run_within_tile_stas_update","21.0093","[Unknown]","run_within_tile_stas_update","sa_mesh_run_within_tile.f90","0"
"expf","20.2223","[Unknown]","expf","[Unknown]","0"
"powf","20.1784","[Unknown]","powf","[Unknown]","0"
"logf","19.5087","[Unknown]","logf","[Unknown]","0"
"tmelt","18.8802","[Unknown]","tmelt","TMELT.f","0"
"__libm_cosf_l9","17.663","[Unknown]","__libm_cosf_l9","[Unknown]","0"
"tsprep","17.2841","[Unknown]","tsprep","TSPREP.f","0"
"classi","16.98","[Unknown]","classi","CLASSI.f","0"
"fhi","16.8154","[Unknown]","fhi","DIASURFZ.f","0"
"gralb","16.8028","[Unknown]","gralb","GRALB.f","0"
"cgrow","14.1486","[Unknown]","cgrow","CGROW.f","0"
"sninfl","13.6903","[Unknown]","sninfl","SNINFL.f","0"
"__libm_powf_e7","13.1511","[Unknown]","__libm_powf_e7","[Unknown]","0"
"output_variables_group_reset","12.2682","[Unknown]","output_variables_group_reset","output_variables.f90","0"
"iceadd","10.9163","[Unknown]","iceadd","ICEADD.f","0"
"load_data","10.6346","[Unknown]","load_data","climate_forcing_module_io.f90","0"
"latflow","10.3922","[Unknown]","latflow","LATFLOW.f","0"
"asinf","10.3623","[Unknown]","asinf","[Unknown]","0"
"pdmrof","10.1063","[Unknown]","pdmrof","PDMROF.f90","0"
"snoalba","8.11005","[Unknown]","snoalba","SNOALBA.f","0"
"for_cpstr","7.19891","[Unknown]","for_cpstr","[Unknown]","0"
"bflm_within_grid","6.18069","[Unknown]","bflm_within_grid","baseflow_module.f90","0"
"bflm_within_tile","6.04","[Unknown]","bflm_within_tile","baseflow_module.f90","0"
"output_variables_field_icount_average","5.46883","[Unknown]","output_variables_field_icount_average","output_variables.f90","0"
"__libc_pread64","5.40873","[Unknown]","__libc_pread64","pread64.c","0"
"update_data","4.92415","[Unknown]","update_data","climate_forcing_module_io.f90","0"
"for_trim","4.86006","[Unknown]","for_trim","[Unknown]","0"
"_intel_fast_memcmp","4.59799","[Unknown]","_intel_fast_memcmp","[Unknown]","0"
"__libm_atan2f_l9","4.21887","[Unknown]","__libm_atan2f_l9","[Unknown]","0"
"__intel_avx_rep_memcpy","4.01013","[Unknown]","__intel_avx_rep_memcpy","[Unknown]","0"
"__libm_atan2f_e7","3.71177","[Unknown]","__libm_atan2f_e7","[Unknown]","0"
"_intel_fast_memcpy","3.25987","[Unknown]","_intel_fast_memcpy","[Unknown]","0"
"__powr4i4","2.67619","[Unknown]","__powr4i4","[Unknown]","0"
"sinf","2.60175","[Unknown]","sinf","[Unknown]","0"
"cbrtf","2.53889","[Unknown]","cbrtf","[Unknown]","0"
"run_between_grid","2.49018","[Unknown]","run_between_grid","sa_mesh_run_between_grid.f90","0"
"nc4_map_variable_dat2_real","1.97175","[Unknown]","nc4_map_variable_dat2_real","nc_io.f90","0"
"cosf","1.80666","[Unknown]","cosf","[Unknown]","0"
"output_variables_group_update","1.66981","[Unknown]","output_variables_group_update","output_variables.f90","0"
"atanf","1.63814","[Unknown]","atanf","[Unknown]","0"
"run_save_basin_output","1.28975","[Unknown]","run_save_basin_output","save_basin_output.f90","0"
"H5SL_search","0.86012","[Unknown]","H5SL_search","[Unknown]","0"
"atan2f","0.670521","[Unknown]","atan2f","[Unknown]","0"
"_intel_fast_memcpy","0.66001","[Unknown]","_intel_fast_memcpy","[Unknown]","0"
"__libc_write","0.611878","[Unknown]","__libc_write","write.c","0"
"__libm_fmodf_e7","0.360027","[Unknown]","__libm_fmodf_e7","[Unknown]","0"
"baseflow_wfqlz","0.300038","[Unknown]","baseflow_wfqlz","baseflow_wfqlz.f90","0"
"H5FL_reg_malloc","0.270052","[Unknown]","H5FL_reg_malloc","[Unknown]","0"
"func@0x2c1d50","0.260006","[Unknown]","func@0x2c1d50","[Unknown]","0"
"for_alloc_allocatable","0.240021","[Unknown]","for_alloc_allocatable","[Unknown]","0"
"runclass36_finalize","0.24","[Unknown]","runclass36_finalize","RUNCLASS36_config.f90","0"
"f_lanint_val","0.238407","[Unknown]","f_lanint_val","[Unknown]","0"
"nc4_find_dim_len","0.21","[Unknown]","nc4_find_dim_len","[Unknown]","0"
"runclass36_init","0.209981","[Unknown]","runclass36_init","RUNCLASS36_config.f90","0"
"fmodf","0.168492","[Unknown]","fmodf","[Unknown]","0"
"netcdf_mp_nf90_get_var_2d_fourbytereal_","0.159999","[Unknown]","netcdf_mp_nf90_get_var_2d_fourbytereal_","[Unknown]","0"
"__libm_expf_e7","0.150011","[Unknown]","__libm_expf_e7","[Unknown]","0"
"__intel_avx_rep_memset","0.149508","[Unknown]","__intel_avx_rep_memset","[Unknown]","0"
"__errno_location","0.135644","[Unknown]","__errno_location","errno-loc.c","0"
"func@0xb4f70","0.13","[Unknown]","func@0xb4f70","[Unknown]","0"
"H5_hash_string","0.11","[Unknown]","H5_hash_string","[Unknown]","0"
"H5D__get_space","0.11","[Unknown]","H5D__get_space","[Unknown]","0"
"nc4_open_var_grp2","0.1","[Unknown]","nc4_open_var_grp2","[Unknown]","0"
"H5FL_fac_malloc","0.0899997","[Unknown]","H5FL_fac_malloc","[Unknown]","0"
"read_parameters","0.089998","[Unknown]","read_parameters","read_parameters.f90","0"
"H5FL_reg_free","0.0800226","[Unknown]","H5FL_reg_free","[Unknown]","0"
"H5S_extent_copy_real","0.08","[Unknown]","H5S_extent_copy_real","[Unknown]","0"
"H5CX_push","0.07","[Unknown]","H5CX_push","[Unknown]","0"
"func@0xc8fd1","0.06","[Unknown]","func@0xc8fd1","[Unknown]","0"
"func@0x83b60","0.06","[Unknown]","func@0x83b60","[Unknown]","0"
"H5P_create_id","0.06","[Unknown]","H5P_create_id","[Unknown]","0"
"H5S_select_copy","0.06","[Unknown]","H5S_select_copy","[Unknown]","0"
"__tls_get_addr","0.059999","[Unknown]","__tls_get_addr","[Unknown]","0"
"H5CX_get_tag","0.0500394","[Unknown]","H5CX_get_tag","[Unknown]","0"
"H5B_find","0.0500087","[Unknown]","H5B_find","[Unknown]","0"
"for__interp_fmt","0.0500075","[Unknown]","for__interp_fmt","[Unknown]","0"
"model_variables_group_reset","0.0500071","[Unknown]","model_variables_group_reset","model_variables.f90","0"
"nclistget","0.05","[Unknown]","nclistget","[Unknown]","0"
"H5P_close","0.05","[Unknown]","H5P_close","[Unknown]","0"
"for_check_mult_overflow64","0.05","[Unknown]","for_check_mult_overflow64","[Unknown]","0"
"nc4_get_data_2d_real","0.05","[Unknown]","nc4_get_data_2d_real","nc_io.f90","0"
"func@0x98328","0.05","[Unknown]","func@0x98328","[Unknown]","0"
"NC4_get_vars","0.05","[Unknown]","NC4_get_vars","[Unknown]","0"
"input_parameters_group_reset","0.0499949","[Unknown]","input_parameters_group_reset","input_parameters.f90","0"
"func@0x11040","0.0445197","[Unknown]","func@0x11040","[Unknown]","0"
"kmpc_free","0.040022","[Unknown]","kmpc_free","[Unknown]","0"
"runci_within_tile","0.0400037","[Unknown]","runci_within_tile","cropland_irrigation_within_tile.f90","0"
"func@0x95ed3","0.04","[Unknown]","func@0x95ed3","[Unknown]","0"
"find_in_NCList","0.04","[Unknown]","find_in_NCList","[Unknown]","0"
"H5I_object_verify","0.04","[Unknown]","H5I_object_verify","[Unknown]","0"
"H5D__chunk_lookup","0.04","[Unknown]","H5D__chunk_lookup","[Unknown]","0"
"H5SL_next","0.04","[Unknown]","H5SL_next","[Unknown]","0"
"H5E_clear_stack","0.04","[Unknown]","H5E_clear_stack","[Unknown]","0"
"classbg","0.0399994","[Unknown]","classbg","CLASSBG.f","0"
"H5D__chunk_is_space_alloc","0.0399966","[Unknown]","H5D__chunk_is_space_alloc","[Unknown]","0"
"run_within_tile_mpi_irecv","0.03006","[Unknown]","run_within_tile_mpi_irecv","sa_mesh_run_within_tile.f90","0"
"H5FL_arr_free","0.0300262","[Unknown]","H5FL_arr_free","[Unknown]","0"
"H5SL_item","0.0300225","[Unknown]","H5SL_item","[Unknown]","0"
"__libc_malloc","0.03","[Unknown]","__libc_malloc","[Unknown]","0"
"H5Sget_simple_extent_type","0.03","[Unknown]","H5Sget_simple_extent_type","[Unknown]","0"
"func@0x95e06","0.03","[Unknown]","func@0x95e06","[Unknown]","0"
"H5O_set_shared","0.03","[Unknown]","H5O_set_shared","[Unknown]","0"
"func@0x2e1f80","0.03","[Unknown]","func@0x2e1f80","[Unknown]","0"
"H5Sget_simple_extent_ndims","0.03","[Unknown]","H5Sget_simple_extent_ndims","[Unknown]","0"
"H5S_select_shape_same","0.03","[Unknown]","H5S_select_shape_same","[Unknown]","0"
"cfree","0.03","[Unknown]","cfree","[Unknown]","0"
"H5SL_insert","0.03","[Unknown]","H5SL_insert","[Unknown]","0"
"H5T_cmp","0.03","[Unknown]","H5T_cmp","[Unknown]","0"
"H5T_patch_vlen_file","0.03","[Unknown]","H5T_patch_vlen_file","[Unknown]","0"
"nf_get_vara_real_","0.03","[Unknown]","nf_get_vara_real_","[Unknown]","0"
"H5SL_remove","0.03","[Unknown]","H5SL_remove","[Unknown]","0"
"netcdf_mp_nf90_get_var_2d_fourbytereal_","0.0299992","[Unknown]","netcdf_mp_nf90_get_var_2d_fourbytereal_","[Unknown]","0"
"for","0.0299992","[Unknown]","long double for(double, ..., short, char)","[Unknown]","0"
"run_within_tile","0.0299858","[Unknown]","run_within_tile","sa_mesh_run_within_tile.f90","0"
"func@0x84d90","0.0298371","[Unknown]","func@0x84d90","[Unknown]","0"
"H5FL_fac_free","0.0200494","[Unknown]","H5FL_fac_free","[Unknown]","0"
"mountain_within_tile","0.0200268","[Unknown]","mountain_within_tile","mountain_module.f90","0"
"func@0x273140","0.0200258","[Unknown]","func@0x273140","[Unknown]","0"
"H5S_get_select_npoints","0.0200254","[Unknown]","H5S_get_select_npoints","[Unknown]","0"
"resumerun_read","0.02002","[Unknown]","resumerun_read","resumerun_read.f90","0"
"for__release_lun","0.0200034","[Unknown]","for__release_lun","[Unknown]","0"
"process_existing_lub","0.0200032","[Unknown]","process_existing_lub","[Unknown]","0"
"for__resource_acquire","0.0200028","[Unknown]","for__resource_acquire","[Unknown]","0"
"__GI___pthread_getspecific","0.0200022","[Unknown]","__GI___pthread_getspecific","pthread_getspecific.c","0"
"scalable_free","0.0200015","[Unknown]","scalable_free","[Unknown]","0"
"for_write_seq_fmt_xmit","0.0200009","[Unknown]","for_write_seq_fmt_xmit","[Unknown]","0"
"func@0xd5683","0.02","[Unknown]","func@0xd5683","[Unknown]","0"
"func@0x2b5890","0.02","[Unknown]","func@0x2b5890","[Unknown]","0"
"func@0x2b8a0d","0.02","[Unknown]","func@0x2b8a0d","[Unknown]","0"
"func@0x2c4ec0","0.02","[Unknown]","func@0x2c4ec0","[Unknown]","0"
"H5P_is_fill_value_defined","0.02","[Unknown]","H5P_is_fill_value_defined","[Unknown]","0"
"H5CX_get_data_transform","0.02","[Unknown]","H5CX_get_data_transform","[Unknown]","0"
"func@0xd728f","0.02","[Unknown]","func@0xd728f","[Unknown]","0"
"H5P_peek","0.02","[Unknown]","H5P_peek","[Unknown]","0"
"func@0xd6924","0.02","[Unknown]","func@0xd6924","[Unknown]","0"
"H5S_select_hyperslab","0.02","[Unknown]","H5S_select_hyperslab","[Unknown]","0"
"H5S_extent_release","0.02","[Unknown]","H5S_extent_release","[Unknown]","0"
"func@0x295d80","0.02","[Unknown]","func@0x295d80","[Unknown]","0"
"H5Z_xform_destroy","0.02","[Unknown]","H5Z_xform_destroy","[Unknown]","0"
"func@0x294770","0.02","[Unknown]","func@0x294770","[Unknown]","0"
"func@0x2a0370","0.02","[Unknown]","func@0x2a0370","[Unknown]","0"
"func@0xc86f0","0.02","[Unknown]","func@0xc86f0","[Unknown]","0"
"H5S_copy","0.02","[Unknown]","H5S_copy","[Unknown]","0"
"H5FL_blk_free","0.02","[Unknown]","H5FL_blk_free","[Unknown]","0"
"H5SL_free","0.02","[Unknown]","H5SL_free","[Unknown]","0"
"NC4_get_vara","0.02","[Unknown]","NC4_get_vara","[Unknown]","0"
"counter_update","0.02","[Unknown]","counter_update","module_dates.f90","0"
"func@0x169a60","0.02","[Unknown]","func@0x169a60","[Unknown]","0"
"func@0x2931b0","0.02","[Unknown]","func@0x2931b0","[Unknown]","0"
"NC4_inq_dim","0.02","[Unknown]","NC4_inq_dim","[Unknown]","0"
"H5C_unprotect","0.02","[Unknown]","H5C_unprotect","[Unknown]","0"
"nc4_hdf5_find_grp_var_att","0.02","[Unknown]","nc4_hdf5_find_grp_var_att","[Unknown]","0"
"H5AC_unprotect","0.02","[Unknown]","H5AC_unprotect","[Unknown]","0"
"H5F_get_intent","0.02","[Unknown]","H5F_get_intent","[Unknown]","0"
"nc_inq_var","0.0199993","[Unknown]","nc_inq_var","[Unknown]","0"
"cvt_integer_to_text","0.019997","[Unknown]","cvt_integer_to_text","[Unknown]","0"
"H5I_dec_ref","0.0199955","[Unknown]","H5I_dec_ref","[Unknown]","0"
"for__acquire_lun","0.019994","[Unknown]","for__acquire_lun","[Unknown]","0"
"ftruncate","0.0101629","[Unknown]","ftruncate","[Unknown]","0"
"runmesh","0.0100317","[Unknown]","runmesh","MESH_driver.f90","0"
"H5Sclose","0.01003","[Unknown]","H5Sclose","[Unknown]","0"
"func@0x2b8820","0.010025","[Unknown]","func@0x2b8820","[Unknown]","0"
"func@0x4d980","0.0100232","[Unknown]","func@0x4d980","[Unknown]","0"
"func@0x292700","0.010021","[Unknown]","func@0x292700","[Unknown]","0"
"func@0x4e5d0","0.0100131","[Unknown]","func@0x4e5d0","[Unknown]","0"
"for__resource_release","0.0100033","[Unknown]","for__resource_release","[Unknown]","0"
"run_within_tile_mpi_isend","0.0100012","[Unknown]","run_within_tile_mpi_isend","sa_mesh_run_within_tile.f90","0"
"for_write_seq_fmt","0.0100006","[Unknown]","for_write_seq_fmt","[Unknown]","0"
"__pthread_enable_asynccancel","0.0100004","[Unknown]","__pthread_enable_asynccancel","cancellation.S","0"
"flowinit","0.0100003","[Unknown]","flowinit","flowinit.f","0"
"H5P_isa_class","0.01","[Unknown]","H5P_isa_class","[Unknown]","0"
"func@0xf5db0","0.01","[Unknown]","func@0xf5db0","[Unknown]","0"
"func@0x84520","0.01","[Unknown]","func@0x84520","[Unknown]","0"
"nc4_find_dim_len","0.01","[Unknown]","nc4_find_dim_len","[Unknown]","0"
"stats_update_stfl_daily","0.01","[Unknown]","stats_update_stfl_daily","SIMSTATS.F90","0"
"_intel_fast_memset","0.01","[Unknown]","_intel_fast_memset","[Unknown]","0"
"func@0x2b990","0.01","[Unknown]","func@0x2b990","[Unknown]","0"
"H5Screate_simple","0.01","[Unknown]","H5Screate_simple","[Unknown]","0"
"ncindexith","0.01","[Unknown]","ncindexith","[Unknown]","0"
"NC4_get_vars","0.01","[Unknown]","NC4_get_vars","[Unknown]","0"
"func@0x28f97f","0.01","[Unknown]","func@0x28f97f","[Unknown]","0"
"H5D__read","0.01","[Unknown]","H5D__read","[Unknown]","0"
"H5S_create_simple","0.01","[Unknown]","H5S_create_simple","[Unknown]","0"
"func@0x110b0","0.01","[Unknown]","func@0x110b0","[Unknown]","0"
"brk","0.01","[Unknown]","brk","[Unknown]","0"
"H5F_block_read","0.01","[Unknown]","H5F_block_read","[Unknown]","0"
"for_dealloc_allocatable","0.01","[Unknown]","for_dealloc_allocatable","[Unknown]","0"
"nc_inq_varndims","0.01","[Unknown]","nc_inq_varndims","[Unknown]","0"
"H5PB_read","0.01","[Unknown]","H5PB_read","[Unknown]","0"
"func@0x166160","0.01","[Unknown]","func@0x166160","[Unknown]","0"
"nc4_find_dim","0.01","[Unknown]","nc4_find_dim","[Unknown]","0"
"NC_check_id","0.01","[Unknown]","NC_check_id","[Unknown]","0"
"func@0x2bcc0","0.01","[Unknown]","func@0x2bcc0","[Unknown]","0"
"func@0xc6e30","0.01","[Unknown]","func@0xc6e30","[Unknown]","0"
"H5Dget_space","0.01","[Unknown]","H5Dget_space","[Unknown]","0"
"func@0x1660a0","0.01","[Unknown]","func@0x1660a0","[Unknown]","0"
"H5S_hyper_intersect_block","0.01","[Unknown]","H5S_hyper_intersect_block","[Unknown]","0"
"func@0x37b570","0.01","[Unknown]","func@0x37b570","[Unknown]","0"
"H5S_get_select_bounds","0.01","[Unknown]","H5S_get_select_bounds","[Unknown]","0"
"func@0x2a7cd0","0.01","[Unknown]","func@0x2a7cd0","[Unknown]","0"
"func@0x4e9c0","0.01","[Unknown]","func@0x4e9c0","[Unknown]","0"
"output_variables_series_update","0.01","[Unknown]","output_variables_series_update","output_variables.f90","0"
"func@0x4e730","0.01","[Unknown]","func@0x4e730","[Unknown]","0"
"output_variables_allocate_1d_pntr","0.01","[Unknown]","output_variables_allocate_1d_pntr","output_variables.f90","0"
"func@0x2a9be0","0.01","[Unknown]","func@0x2a9be0","[Unknown]","0"
"H5SL_first","0.01","[Unknown]","H5SL_first","[Unknown]","0"
"func@0x50930","0.01","[Unknown]","func@0x50930","[Unknown]","0"
"func@0xb5570","0.01","[Unknown]","func@0xb5570","[Unknown]","0"
"for__get_s","0.01","[Unknown]","for__get_s","[Unknown]","0"
"read_basin_structures","0.01","[Unknown]","read_basin_structures","read_basin_structures.f90","0"
"func@0x292ea0","0.01","[Unknown]","func@0x292ea0","[Unknown]","0"
"func@0x50130","0.01","[Unknown]","func@0x50130","[Unknown]","0"
"func@0x4e750","0.01","[Unknown]","func@0x4e750","[Unknown]","0"
"func@0x2ac060","0.01","[Unknown]","func@0x2ac060","[Unknown]","0"
"H5P_access_class","0.01","[Unknown]","H5P_access_class","[Unknown]","0"
"H5Z_xform_noop","0.01","[Unknown]","H5Z_xform_noop","[Unknown]","0"
"H5S_hyper_convert","0.01","[Unknown]","H5S_hyper_convert","[Unknown]","0"
"H5S_has_extent","0.01","[Unknown]","H5S_has_extent","[Unknown]","0"
"func@0x2a9930","0.01","[Unknown]","func@0x2a9930","[Unknown]","0"
"H5FL_blk_malloc","0.01","[Unknown]","H5FL_blk_malloc","[Unknown]","0"
"pthread_self","0.01","[Unknown]","pthread_self","pthread_self.c","0"
"func@0x2a1680","0.01","[Unknown]","func@0x2a1680","[Unknown]","0"
"H5I_dec_app_ref","0.01","[Unknown]","H5I_dec_app_ref","[Unknown]","0"
"func@0x292600","0.01","[Unknown]","func@0x292600","[Unknown]","0"
"H5T_get_size","0.01","[Unknown]","H5T_get_size","[Unknown]","0"
"func@0x2a7eb0","0.01","[Unknown]","func@0x2a7eb0","[Unknown]","0"
"H5S_select_adjust_u","0.01","[Unknown]","H5S_select_adjust_u","[Unknown]","0"
"H5P_cmp_class","0.01","[Unknown]","H5P_cmp_class","[Unknown]","0"
"H5Sselect_hyperslab","0.01","[Unknown]","H5Sselect_hyperslab","[Unknown]","0"
"func@0x2aee40","0.01","[Unknown]","func@0x2aee40","[Unknown]","0"
"H5FL_arr_malloc","0.01","[Unknown]","H5FL_arr_malloc","[Unknown]","0"
"H5I_object","0.01","[Unknown]","H5I_object","[Unknown]","0"
"func@0x292f00","0.01","[Unknown]","func@0x292f00","[Unknown]","0"
"H5SL_close","0.01","[Unknown]","H5SL_close","[Unknown]","0"
"H5S_set_extent_real","0.01","[Unknown]","H5S_set_extent_real","[Unknown]","0"
"func@0x4b940","0.01","[Unknown]","func@0x4b940","[Unknown]","0"
"func@0x4e9b0","0.01","[Unknown]","func@0x4e9b0","[Unknown]","0"
"[Import thunk kmpc_aligned_malloc]","0.00999997","[Unknown]","[Import thunk kmpc_aligned_malloc]","[Unknown]","0"
"output_files_update","0.00999979","[Unknown]","output_files_update","output_files.f90","0"
"nc4_find_grp_h5","0.00999976","[Unknown]","nc4_find_grp_h5","[Unknown]","0"
"[Import thunk kmpc_free]","0.00999974","[Unknown]","[Import thunk kmpc_free]","[Unknown]","0"
"runsvs_mesh_within_tile","0.00999971","[Unknown]","runsvs_mesh_within_tile","runsvs_mesh.F90","0"
"for_write_int_fmt_xmit","0.00999957","[Unknown]","for_write_int_fmt_xmit","[Unknown]","0"
"read_initial_inputs","0.00999922","[Unknown]","read_initial_inputs","read_initial_inputs.f90","0"
"julian2monthday","0.00999845","[Unknown]","julian2monthday","module_dates.f90","0"
"emit_comp_fmt","0.00999822","[Unknown]","emit_comp_fmt","[Unknown]","0"
"rml::internal::MemoryPool::putToLLOCache","0.00999578","[Unknown]","rml::internal::MemoryPool::putToLLOCache(rml::internal::TLSData*, void*)","[Unknown]","0"
